{"cameraMode":{"drawMode":0,"name":"Shaded","section":"Shading Mode"},"sceneLighting":false,"audioPlay":false,"sceneViewState":{"m_AlwaysRefresh":false,"showFog":true,"showSkybox":true,"showFlares":true,"showImageEffects":true,"showParticleSystems":true,"showVisualEffectGraphs":true,"m_FxEnabled":true},"in2DMode":false,"pivot":{"x":5.539999961853027,"y":1.8234580755233765,"z":5.525899887084961},"rotation":{"x":0.018596678972244264,"y":0.9806775450706482,"z":-0.15574626624584199,"w":0.11707079410552979},"size":25.270360946655275,"orthographic":true}