{"cameraMode":{"drawMode":0,"name":"Shaded","section":"Shading Mode"},"sceneLighting":false,"audioPlay":false,"sceneViewState":{"m_AlwaysRefresh":false,"showFog":true,"showSkybox":true,"showFlares":true,"showImageEffects":true,"showParticleSystems":true,"showVisualEffectGraphs":true,"m_FxEnabled":true},"in2DMode":false,"pivot":{"x":23.214107513427736,"y":3.675574779510498,"z":14.290494918823243},"rotation":{"x":0.007435829844325781,"y":0.563381552696228,"z":-0.005070439539849758,"w":0.8261504173278809},"size":33.70533752441406,"orthographic":false}