{"cameraMode":{"drawMode":0,"name":"Shaded","section":"Shading Mode"},"sceneLighting":false,"audioPlay":false,"sceneViewState":{"m_AlwaysRefresh":false,"showFog":true,"showSkybox":false,"showFlares":true,"showImageEffects":true,"showParticleSystems":true,"showVisualEffectGraphs":true,"m_FxEnabled":true},"in2DMode":false,"pivot":{"x":-2.086162567138672e-7,"y":0.4711618423461914,"z":-0.019678644835948945},"rotation":{"x":-0.09851009398698807,"y":0.08112423866987229,"z":-0.008055095560848713,"w":-0.9918014407157898},"size":1.8862388134002686,"orthographic":true}